"0","# Load our package and helper libraries"
"0","library(Assignment3.LogisticRegression)"
"2","G3;
è½½å…¥ç¨‹åºåŒ…ï¼šâ€˜Assignment3.LogisticRegressionâ€™

g"
"2","G3;The following objects are masked _by_ â€˜.GlobalEnvâ€™:

    fit_complex_logreg, fit_simple_logreg, get_decision_boundary,
    plot_glucose_age

g"
"0","library(ggplot2)"
"2","G2;H2;è­¦å‘Šh: ç¨‹åºåŒ…â€˜ggplot2â€™æ˜¯ç”¨Rç‰ˆæœ¬4.5.2 æ¥å»ºé€ çš„g
"
"0","library(gridExtra) # For side-by-side plots in Task 4"
"2","G2;H2;è­¦å‘Šh: ç¨‹åºåŒ…â€˜gridExtraâ€™æ˜¯ç”¨Rç‰ˆæœ¬4.5.2 æ¥å»ºé€ çš„g
"
"0","library(dplyr)"
"2","G2;H2;è­¦å‘Šh: ç¨‹åºåŒ…â€˜dplyrâ€™æ˜¯ç”¨Rç‰ˆæœ¬4.5.1 æ¥å»ºé€ çš„g
"
"2","G3;
è½½å…¥ç¨‹åºåŒ…ï¼šâ€˜dplyrâ€™

g"
"2","G3;The following object is masked from â€˜package:gridExtraâ€™:

    combine

g"
"2","G3;The following objects are masked from â€˜package:statsâ€™:

    filter, lag

g"
"2","G3;The following objects are masked from â€˜package:baseâ€™:

    intersect, setdiff, setequal, union

g"
"0","library(stats)"
